http://www.iitgn.ac.in/,https://alumni.iitgn.ac.in/,https://campus.iitgn.ac.in/facility/,https://donate.iitgn.ac.in/,https://donate.iitgn.ac.in/empathy/,https://es.iitgn.ac.in/
https://abc.xyz/investor/,https://www.sec.gov/Archives/edgar/data/1652044/000165204420000008/goog10-k2019.htm,https://www.sec.gov/Archives/edgar/data/1652044/000165204420000021/goog-20200331.htm,https://www.sec.gov/Archives/edgar/data/1652044/000165204420000032/goog-20200630.htm,https://www.sec.gov/Archives/edgar/data/1652044/000165204420000050/goog-20200930.htm,https://www.sec.gov/ix
https://abc.xyz/investor/founders-letters/2004/ipo-letter.html,https://abc.xyz/investor/founders-letters/2004-ipo-letter/
https://about.google/contact-google/,https://ads.google.com,https://cloud.google.com,https://gsuite.google.com/
https://about.google/intl/en/,https://abc.xyz/investor/,https://abc.xyz/investor/founders-letters/2004/ipo-letter.html,https://careers.google.com/,https://instagram.com/google/,https://safety.google/
https://about.google/intl/en_US/how-our-business-works,https://about.google/intl/en_US/how-our-business-works/
https://about.google/intl/en_US/how-our-business-works/,https://adssettings.google.com/authenticated,https://howwemakemoney.withgoogle.com/
https://accounts.google.com/ServiceLogin,https://accounts.google.com/AccountChooser,https://accounts.google.com/SignUp,https://accounts.google.com/TOS,https://accounts.google.com/signin/usernamerecovery,https://www.google.com/intl/en/about
https://accounts.google.com/SignUp,https://accounts.google.com/SignUpWithoutGmail,https://accounts.google.com/signin/recovery,https://support.google.com/accounts/answer/1733224
https://accounts.google.com/TOS,https://policies.google.com/terms
https://accounts.google.com/signin/recovery,https://support.google.com/accounts/
https://accounts.google.com/signin/usernamerecovery,https://myaccount.google.com/
https://assistant.google.com/business/,https://developers.google.com/assistant/why-build
https://assistant.google.com/learn/,https://assistant.google.c__nested-nav-li
https://assistant.google.com/privacy-notice-childrens-features/,https://assistant.google.com/,https://assistant.google.com/business/,https://assistant.google.com/discover/,https://assistant.google.com/explore,https://assistant.google.com/learn/
https://campus.iitgn.ac.in/facility/,https://docs.google.com/spreadsheets/d/1pI7uO89OxN4EFWawY0zGVzlgaulC8jrPc3DCiFg4SnE/edit,https://instagram.com/iitgncampus/,https://sites.google.com/a/iitgn.ac.in/iitgn-forms/home/forms/hospitality,https://twitter.com/,https://www.facebook.com/pages/Indian-Institute-of-Technology-Gandhinagar/139092996158047
https://chromeenterprise.google/,https://chromeonair.withgoogle.com/events/chrome-os-in-action-announcements-and-demos-for-a-distributed-workforce,https://cloud.google.com/blog/products/chrome-enterprise/,https://cloud.google.com/blog/products/chrome-enterprise/new-solutions-to-modernize-your-workforce
https://chromeonair.withgoogle.com/events/chrome-os-in-action-announcements-and-demos-for-a-distributed-workforce,https://policies.google.com/technologies/cookies
https://cloud.google.com,https://apigee.com/api-management/,https://cloud.goog/cloud/images/navigation/icons.svg,https://cloud.google.com/,https://cloud.google.com/access-transparency
https://cloud.google.com/blog/products/chrome-enterprise/new-solutions-to-modernize-your-workforce,https://cloud.google.com/files/chrome-enterprise/helpcenter/misc/forrester_tlp_rethink_technology_in_the_age_of_the_cloud_worker.pdf,https://cloud.google.com/products/,https://cloudblog.withgoogle.com/rss
https://developers.google.com/assistant/why-build,https://actions.google.com/console,https://assistant.google.com,https://assistant.google.com/business/form/,https://developers.google.com/
https://docs.google.com/spreadsheets/,https://docs.google.com/spreadsheets/create
https://docs.google.com/spreadsheets/d/1pI7uO89OxN4EFWawY0zGVzlgaulC8jrPc3DCiFg4SnE/edit,https://accounts.google.com/ServiceLogin,https://docs.google.com/spreadsheets/,https://support.google.com/docs/answer/2375082
https://donate.iitgn.ac.in/,https://donate.iitgn.ac.in/donate/,https://legacy.iitgn.ac.in/aca-programm.htm,https://legacy.iitgn.ac.in/academic.htm,https://legacy.iitgn.ac.in/admission.htm
https://donate.iitgn.ac.in/donate/,https://donate.iitgn.ac.in/donate_india.htm,https://donate.iitgn.ac.in/iitgn_benefactor_circle.html,https://donate.iitgn.ac.in/index.htm
https://donate.iitgn.ac.in/donate_india.htm,https://donate.iitgn.ac.in/paytm/
https://donate.iitgn.ac.in/empathy/,https://www.iitgn.ac.in/,https://www.paypal.com/paypalme/my/profile
https://es.iitgn.ac.in/,https://doi.org/10.1016/j.geomorph.2019.106840,https://doi.org/10.1016/j.jenvman.2020.110663,https://doi.org/10.1038/s41545-020-0075-5,https://es.iitgn.ac.in/contact-us/
https://es.iitgn.ac.in/contact-us/,https://es.iitgn.ac.in/faculty-and-staff-2/,https://es.iitgn.ac.in/feed/,https://es.iitgn.ac.in/interdisciplinary-research-2/
https://google.com/contact,https://www.google.com/contact
https://gsuite.google.com/,https://workspace.google.com/
https://howwemakemoney.withgoogle.com/,https://policies.google.com/privacy
https://legacy.iitgn.ac.in/aca-programm.htm,https://dhirajbhatia.wixsite.com/bioe,https://iitgn.ac.in/pdf/Vacation_2019-20.pdf,https://sites.google.com/a/iitgn.ac.in/iitgn-forms/,https://www.facebook.com/iitgn.official/
https://legacy.iitgn.ac.in/admission.htm,https://www.iitgn.ac.in/student/lifeoncampus/clubs/
https://policies.google.com/privacy,https://assistant.google.com/privacy-notice-childrens-features/
https://policies.google.com/technologies/cookies,https://adssettings.google.com/,https://support.google.com/chrome/answer/95647
https://policies.google.com/terms,https://about.google/intl/en_US/how-our-business-works,https://adssettings.google.com,https://google.com/contact
https://safety.google/,https://about.google/,https://about.google/products/,https://myaccount.google.com/privacycheckup,https://myaccount.google.com/security-checkup
https://sites.google.com/a/iitgn.ac.in/iitgn-forms/home/forms/hospitality,https://www.google.com/a/iitgn.ac.in/ServiceLogin
https://support.google.com/accounts/,https://www.google.com/accounts/TOS,https://www.google.com/intl/en/about/products
https://support.google.com/accounts/answer/1733224,https://www.google.com/policies/
https://support.google.com/chrome/answer/95647,https://support.google.com/chrome/
https://workspace.google.com/,https://admin.google.com/,https://chromeenterprise.google/
https://www.google.com/contact,https://www.google.com/contact/
https://www.google.com/contact/,https://about.google/contact-google/
https://www.google.com/intl/en/about,https://about.google/intl/en/
https://www.google.com/intl/en/about/products,https://about.google/intl/en/products
https://www.iitgn.ac.in/student/lifeoncampus/clubs/,https://www.facebook.com/16pixelsIITgn/,https://www.facebook.com/Timeline.videoclub.IITgn,https://www.facebook.com/cinematheque.iitgn,https://www.facebook.com/dice.iitgn
https://www.sec.gov/Archives/edgar/data/1652044/000165204420000032/goog-20200630.htm,https://www.sec.gov/Archives/edgar/data/1652044/000165204420000027/alphabetincamendedandr.htm
https://www.sec.gov/Archives/edgar/data/1652044/000165204420000050/goog-20200930.htm,https://www.sec.gov/Archives/edgar/data/1652044/000119312516462349/d65519dex43.htm,https://www.sec.gov/Archives/edgar/data/1652044/000119312516462349/d65519ds3asr.htm,https://www.sec.gov/Archives/edgar/data/1652044/000119312520210772/d847493dex42.htm,https://www.sec.gov/Archives/edgar/data/1652044/000119312520210772/d847493dex43.htm,https://www.sec.gov/Archives/edgar/data/1652044/000119312520210772/d847493dex45.htm
