abc.xyz,sec.gov,sec.gov,sec.gov,sec.gov,youtube.com,youtube.com,abc.xyz
about.google,about.google,abc.xyz,abc.xyz,careers.google.com,instagram.com,safety.google,services.google.com,support.google.com,sustainability.google,transparencyreport.google.com,twitter.com,wellbeing.google,blog.google,blog.google,google.com,google.com,google.com,google.com,google.com,google.com,google.com,google.com,google.com,google.org,google.org,linkedin.com,thinkwithgoogle.com,youtube.com,abc.xyz,ads.google.com,artsandculture.google.com,assistant.google.com,biz.waze.com,businessmessages.google,careers.google.com,cloud.google.com,contacts.google.com,developer.android.com,developer.android.com,developers.google.com,developers.google.com,developers.google.com,developers.google.com,developers.google.com,developers.google.com,developers.google.com,developers.google.com,domains.google.com,duo.google.com,edu.google.com,edu.google.com,enterprise.google.com,enterprise.google.com,enterprise.google.com,families.google.com,fi.google.com,files.google.com,firebase.google.com,flutter.dev,groups.google.com,gsuite.google.com,gsuite.google.com,instagram.com,learndigital.withgoogle.com,lens.google.com,marketingplatform.google.com,messages.google.com,news.google.com,pay.google.com,play.google.com,play.google.com,play.google.com,podcasts.google.com,podcastsmanager.google.com,remotedesktop.google.com,safety.google,scholar.google.com,services.google.com,shopping.google.com,sites.google.com,smallbusiness.withgoogle.com,stadia.google.com,store.geSyp4SkN72C0tMSUIqGPVjEpHeUDfAScLNKy82MiXWLBlkpMl4FhJGrGRDhzHxOoXq5v-QSt-rvg,store.google.com,store.google.com,store.google.com,store.google.com,store.google.com,store.google.com,store.google.com,support.google.com,support.google.com,support.google.com,support.google.com,support.google.com,support.google.cow8v2jebrajiiviDGB6_y1G2,sustainability.google,teachfromanywhere.google,translate.google.com,transparencyreport.google.com,tv.youtube.com,twitter.com,voice.google.com,vr.youtube.com,wearos.google.com,wellbeing.google,workspace.google.com,android.coiKJVqlnFRlIOfurcfZ7XDVJIJ5ET51yXw8_fJkXIzakq30XzVzI6Og,android.com,android.com,android.com,blog.google,blog.google,blog.google,blogger.com,facebook.com,gmail.com,google.co.in,google.com,google.com,google.com,google.com,google.com,google.com,google.com,google.com,google.com,google.com,google.com,google.com,google.com,google.com,google.com,google.com,google.com,google.com,google.com,google.com,google.com,google.com,google.com,google.com,google.com,google.com,google.com,google.com,google.com,google.com,google.com,google.com,google.com,google.com,google.com,google.com,google.com,google.com,google.com,google.com,google.com,google.com,google.org,linkedin.com,tensorflow.org,thinkwithgoogle.com,tiltbrush.com,waze.com,youtube.com,youtube.com,youtube.com,youtube-global.blogspot.com
accounts.google.com,accounts.google.com,accounts.google.com,accounts.google.com,accounts.google.com,google.com,accounts.google.com,policies.google.com,accounts.google.com,myaccount.google.com,support.google.com,accounts.google.com,accounts.google.com,accounts.google.com,accounts.google.com,google.com
ads.google.com,admob.google.com,ads.google.com,ads.google.com,ads.google.com,ads.google.com,ads.google.com,ads.google.com,ads.google.com,blog.google,developers.google.com,developers.google.com,developers.google.com,marketingplatform.google.com,policies.google.com,policies.google.com,support.google.com,support.google.com,support.google.com,support.google.com,support.google.com,twitter.com,waze.com,workspace.google.com,en.advertisercommunity.com,facebook.com,google.co.in,google.com,google.com,google.com,google.com,google.com,google.com,thinkwithgoogle.com,yourprimer.com,youtube.com,youtube.com
assistant.google.com,developers.google.com
biz.waze.com,waze.com
books.google.com,books.google.com,docs.google.com,drive.google.com,mail.google.com,maps.google.com,photos.google.com,play.google.com,translate.google.com,blogger.com,google.com,google.com,google.com,google.com,google.com,google.com,google.com,youtube.com
businessmessages.google,about.google,about.google,developers.google.com,developers.google.com,policies.google.com,support.google.com,google.com
calendar.google.com,accounts.google.com
careers.google.com,careers.google.com
developer.android.com,android-developers.googleblog.com,developer.android.com,developer.android.com,developer.android.com,developer.android.com,developer.android.com,developer.android.com,developer.android.com,developer.android.com,developer.android.com,developer.android.com,developer.android.com,developer.android.com,developer.android.com,developer.android.com,developer.android.com,developer.android.com,developer.android.com,developer.android.com,developer.android.com,developer.android.com,developer.android.com,developer.android.com,developer.android.com,developer.android.com,developers.google.com,developers.google.com,developers.google.com,google.com,google.qualtrics.com,android-developers.googleblog.com,android-developers.googleblog.com,android-developers.googleblog.com,appsgamesinsights.libsyn.com,developer.android.com,developer.android.com,developer.android.com,developer.android.com,developer.android.com,developer.android.com,developer.android.com,developer.android.com,developer.android.com,developer.android.com,developer.android.com,developer.android.com,developer.android.com,developer.android.com,developer.android.com,developer.android.com,developer.android.com,developer.android.com,developer.android.com,developer.android.com,developer.android.com,developer.android.com,developer.android.com,developer.android.com,developer.android.com,developers.google.com,docs.google.com,issuetracker.google.com,m.me,medium.com,play.google.com,play.google.com,play.google.com,play.google.com,source.android.com,source.android.com,support.google.com,twitter.com,android.com,android.com,linkedin.com,youtube.com
developers.google.com,developers.google.com,developers.google.com,developers.google.com,developers.google.com,developers.google.com,developers.google.com,google.com,developers.google.com,developers.google.com,developers.google.com,developers.google.com,developers.google.com,developers.google.com,developers.google.com,developers.google.com,developers.google.com,developers.google.com,developers.google.com,developers.google.com,developers.google.com,developers.google.com,developers.google.com,developers.google.com,developers.google.com,developers.google.com,developers.google.com,developers.google.com,developers.google.com,developers.google.com,developers.google.com,developers.google.com,developers.google.com,developers.google.com,ga-dev-tools.appspot.com,github.com,issuetracker.google.com,twitter.com,developers.google.com,developers.google.com,developers.google.com,developers.google.com,developers.google.com,developers.google.com,developers.google.com,developers.google.com,developers.google.com,developers.google.com,developers.google.com,developers.google.com,developers.google.com,developers.google.com,developers.google.com,developers.google.com,developers.google.com,developers.google.com,developers.google.com,developers.google.com,developers.google.com,developers.google.com,developers.google.com,developers.google.com,developers.google.com,developers.google.com,developers.google.com,developers.google.com,developers.google.com,developers.google.com,services.google.com,developers.google.com,developers.google.com,developers.google.com,developers.google.com,developers.google.com,developers.google.com,developers.google.com,developers.google.com,developers.google.com,developers.google.com,developers.google.com,developers.google.com,developers.google.com,developers.google.com,developers.google.com,developers.google.com,developers.google.com,developers.google.com,developers.google.com,developers.google.com,developers.google.com,developers.googleblog.com,google.com,le.com,womentechmakers.com,developers.google.co,developers.google.com,developers.google.com,developers.google.com,developers.google.com,developers.google.com,developers.google.com,developers.google.com,developers.google.com,developers.google.com,developers.google.com,developers.google.com,developers.google.com,developers.google.com,developers.google.com,developers.google.com,developers.google.com,developers.google.com,developers.google.com,developers.google.com,developers.google.com,developers.google.com,developers.google.com,developers.google.com,developers.google.com,developers.google.com,developers.google.com,developers.google.cotral-logo.png,blog.chromium.org,developers.chrome.com,developers.google.com,developers.google.com,developers.google.com,developers.google.com,developers.google.com,developers.google.com,developers.google.com,developers.google.com,developers.google.com,developers.google.com,developers.google.com,developers.google.com,developers.google.com,developers.google.com,developers.google.com,developers.google.com,github.com,github.com,sitekit.withgoogle.com,support.google.com,support.google.com,twitter.com,web.dev,web.dev,web.dev,developers.google.com,developers.google.com,developers.google.com,developers.google.com,developers.google.com,developers.google.com,developers.google.com,developers.google.com,developers.google.com,developers.google.com,developers.google.com,developers.google.com,developers.google.com,developers.google.com,developers.google.com,developers.google.com,developers.google.com,developers.google.com,github.com,issuetracker.google.com,issuetracker.google.com,youtube.com
docs.google.com,docs.google.com,accounts.google.com
domains.google.com,domains.google
duo.google.com,about.google,about.google,duo.google.com,h2hyk.app.goo.gl,itunes.apple.com,play.google.com,support.google.com,userresearch.google.com,google.com,google.com
edu.google.com,about.google,buildyourfuture.withgoogle.com,buildyourfuture.withgoogle.com,chromebookapphub.withgoogle.com,chromebookapphub.withgoogle.com,classroom.google.com,cloud.google.com,cloud.withgoogle.com,console.cloud.google.com,edu.google.com,edudirectory.withgoogle.com,eduproducts.withgoogle.com,eduproducts.withgoogle.com,edutransformationcenter.withgoogle.com,grow.google,gsuite.google.com,gsuite.google.com,support.google.com,support.google.com,support.google.com,twitter.com,blog.google,facebook.com,google.com,google.com,google.com,google.com,google.org,youtube.com,about.google,apps.apple.com,buildyourfuture.withgoogle.com,buildyourfuture.withgoogle.com,classroom.google.com,classroom.google.com,cloud.google.com,cloud.withgoogle.com,console.cloud.google.com,edu.google.com,edudirectory.withgoogle.com,edutransformationcenter.withgoogle.com,grow.google,gsuite.google.com,gsuite.google.com,play.google.com,support.google.com,support.google.com,support.google.com,twitter.com,blog.google,facebook.com,google.com,google.com,google.com,google.org
enterprise.google.com,android.com,cloud.google.com,cloud.google.com
families.google.com,about.google,about.google,families.google.com,itunes.apple.com,play.google.com,policies.google.com,policies.google.com,support.google.com,support.google.com,google.com
fi.google.com,fi.google.com,fi.google.com,fi.google.com,fi.google.com,fi.google.com,fi.google.com,fi.google.com,fi.google.com,fi.google.com,fi.google.com,fi.google.com,fi.google.com,fi.google.com,fi.google.com,fi.google.com,fi.google.com,fi.google.com,support.google.com,support.google.com,support.google.com,google.com
files.google.com,gc23t.app.goo.gl,support.google.com,google.com,google.com,google.com
firebase.google.com,admob.grd__cta,ads.google.com,console.firebase.google.com,developers.google.com,firebase.google.com,firebase.google.com,firebase.google.com,firebase.google.com,firebase.google.com,firebase.google.com,firebase.googleblog.com,goo.gl,google.com,support.google.com,support.google.com,support.google.com,support.google.com,support.google.com,support.google.com
flutter.dev,api.flutter.dev,blog.google,creativecommons.org,dart.dev,dribbble.com,dribbble.com,esflutter.dev,flutter-ko.dev,flutter.github.io,flutter.github.io,github.com,github.com,groups.google.com,itunes.apple.com,medium.com,medium.com,medium.com,play.google.com,pub.dev,pub.dev,reflect.ly,twitter.com,dart.dev,google.com,youtube.com
google.com,accounts.google.com,books.google.com,drive.google.com,maps.google.com,news.google.com,photos.google.com,play.google.com,translate.google.com,blogger.com,google.com,google.com,google.com,google.com,google.com,google.com,google.com,youtube.com,calendar.google.com,accounts.google.com,books.google.com,docs.google.com,drive.google.com,mail.google.com,maps.google.com,news.google.com,photos.google.com,play.google.com,translate.google.com,blogger.com,google.com,google.com,google.com,google.com,google.com,google.com,google.com,youtube.com,about.google,shopping.google.com,accounts.google.com,books.google.com,docs.google.com,drive.google.com,mail.google.com,maps.google.com,news.google.com,photos.google.com,play.google.com,translate.google.com,blogger.com,google.com,google.com,google.com,google.com,google.com,google.com,google.com,youtube.com,about.google,accounts.google.com,support.google.com,goo.gl,myaccount.google.com,services.google.com,google.com,google.com,sustainability.google,abc.xyz,careers.google.com,environment.google,instagram.com,plus.google.com,productforums.google.com,services.google.com,stopbadware.org,support.google.com,transparencyreport.google.com,twitter.com,blog.google,blog.google,facebook.com,google.com,google.com,google.org,google.org,linkedin.com,thinkwithgoogle.com,youtube.com,abc.xyz,careers.google.com,environment.google,instagram.com,plus.google.com,productforums.google.com,support.google.com,transparencyreport.google.com,blog.google,blog.google,google.com,google.com,google.com,google.org,google.org,linkedin.com,thinkwithgoogle.com,youtube.com,about.google,blog.google,g.co,policies.google.com,twitter.com,google.com,diversity.google,google.com,google.com,google.com,google.com,google.com,policies.google.com
google.org,ai.google,blog.google,crisisresponse.google,grow.google,impactchallenge.withgoogle.com,newsinitiative.withgoogle.com,policies.google.com,support.google.com,sustainability.google,twitter.com,google.com,google.com,today.com,youtube.com,google.org
groups.google.com,groups.google.com
gsuite.google.com,workspace.google.com,workspace.google.com
learndigital.withgoogle.com,grow.google,learndigital.withgoogle.com,learndigital.withgoogle.com,google.co.uk
lens.google.com,about.google,about.google,itunes.apple.com,itunes.apple.cosdd0aqpUW7QZro5VTv0sLC38yiz5NFQr_12JurH4BEkSuiSjGjNn_xKRwoC--c4wrR8hZ7VT8XN4evhM9xmMBq0bAKtQ,play.google.com,support.google.com,google.com,google.com,google.com
mail.google.com,accounts.google.com
maps.google.com,google.com
marketingplatform.google.com,marketingplatform.google.com
safety.google,about.google,about.google,myaccount.google.com,myaccount.google.com,myaccount.google.com,myactivity.google.com,policies.google.com,policies.google.com,security.googleblog.com,google.com
thinkwithgoogle.com,about.google,create.withgoogle.com,getsubscriptions.withgoogle.com,growmystore.thinkwithgoogle.com,marketfinder.thinkwithgoogle.com,policies.google.com,twitter.com,google.com,google.com,google.com,thinkwithgoogle.com,thinkwithgoogle.com,thinkwithgoogle.com,thinkwithgoogle.com,thinkwithgoogle.com,thinkwithgoogle.com,thinkwithgoogle.com,thinkwithgoogle.com,thinkwithgoogle.com,thinkwithgoogle.com,thinkwithgoogle.com,thinkwithgoogle.com,thinkwithgoogle.com,thinkwithgoogle.com,thinkwithgoogle.com,thinkwithgoogle.com,thinkwithgoogle.com,thinkwithgoogle.com,thinkwithgoogle.com,thinkwithgoogle.com,thinkwithgoogle.com,thinkwithgoogle.com,thinkwithgoogle.com,thinkwithgoogle.com,thinkwithgoogle.com,thinkwithgoogle.com,thinkwithgoogle.com,thinkwithgoogle.com,thinkwithgoogle.com,thinkwithgoogle.com,thinkwithgoogle.com,thinkwithgoogle.com,thinkwithgoogle.com,thinkwithgoogle.com,thinkwithgoogle.com,thinkwithgoogle.com,thinkwithgoogle.com,youtube.com
wellbeing.google,about.google,about.google,support.google.com,google.com,google.com,google.com
